,compressor,COP,QL,QH,m,w,UA_externo,UA_interno
0,Ideal,15.578947368421053,4129.9047619047615,4413.183427884169,0.023873407596460203,283.27866597905137,882.6366855768338,825.9809523809523
1,NJ7240F_19462BTU,4.306534971937694,4395.0,8229.96926893984,0.03532322864652044,1020.5420433454652,1645.993853787968,879.0
2,NJ9238E_15467BTU,5.191328408754549,4395.0,6070.434238633077,0.02739985975147208,846.6041163160402,1214.0868477266154,879.0
