,compressor,COP,QL,QH,m,w,UA_externo,UA_interno
0,Ideal,15.578947368421053,4129.9047619047615,4413.183427884169,0.023873407596460203,283.27866597905137,882.6366855768338,825.9809523809523
1,NJ9238E_15467BTU,2.7540810267790206,2924.6669999999995,4592.017,0.0338362418,1667.3531,,
